#CODE;ENGLISH;FRENCH;GERMAN;;SPANISH;;;;;;;;;x
socialite;Socialite;;;;;;;;;;;;;x
socialite_desc;This character is a social butterfly, planning and attending events which allow them to make advantageous friendships and gather rumours.;;;;;;;;;;;;;x
alchemist;Alchemist;;;;;;;;;;;;;x
alchemist_desc;This character has a keen inquisitive streak and spends much time experimenting with odd substances, hoping to make some great discovery.;;;;;;;;;;;;;x
brewmaster;Brewmaster;;;;;;;;;;;;;x
brewmaster_desc;This character is a master of brewery and alcohol, having a hand in their own private stock.;;;;;;;;;;;;;x
beast_tamer;Beast Tamer;;;;;;;;;;;;;x
beast_tamer_desc;This character has a penchant for taming and domesticating all manner of unlikely creatures.;;;;;;;;;;;;;x
blacksmith;Blacksmith;;;;;;;;;;;;;x
blacksmith_desc;This character loves the furnance and forge.;;;;;;;;;;;;;x
explorer;Explorer;;;;;;;;;;;;;x
explorer_desc;This character has something of a wanderlust. When not poring over maps and journals they are often found wandering the countryside.;;;;;;;;;;;;;x
engineer;Engineer;;;;;;;;;;;;;x
engineer_desc;This character experiments with simple and complex machinery.;;;;;;;;;;;;;x
monster_hunter;Monster Hunter;;;;;;;;;;;;;x
monster_hunter_desc;This character seeks the most dangerous game.;;;;;;;;;;;;;x
flagellant;Flagellant;;;;;;;;;;;;;x
flagellant_desc;This character believes strongly in mortification of the flesh.;;;;;;;;;;;;;x
benefactor;Benefactor;;;;;;;;;;;;;x
benefactor_desc;This character devotes a great deal of effort to benefiting the poor and needy.;;;;;;;;;;;;;x
slaver;Slaver;;;;;;;;;;;;;x
slaver_desc;This character is an enthusiastic participant in the slave trade, involving themselves whenever possible.;;;;;;;;;;;;;x
# CREATURE TRAITS
creature_human;Human;;;;;;;;;;;;;x
creature_human_desc;This character is a Human.;;;;;;;;;;;;;x
creature_elf;Elf;;;;;;;;;;;;;x
creature_elf_desc;This character is an Elf.;;;;;;;;;;;;;x
creature_dwarf;Dwarf;;;;;;;;;;;;;x
creature_dwarf_desc;This character is a Dwarf.;;;;;;;;;;;;;x
creature_chaos_dwarf;Chaos Dwarf;;;;;;;;;;;;;x
creature_chaos_dwarf_desc;This character is a Chaos Dwarf.;;;;;;;;;;;;;x
creature_halfling;Halfling;;;;;;;;;;;;;x
creature_halfling_desc;This character is a Halfling.;;;;;;;;;;;;;x
creature_orc;Orc;;;;;;;;;;;;;x
creature_orc_desc;This character is an Orc.;;;;;;;;;;;;;x
creature_goblin;Goblin;;;;;;;;;;;;;x
creature_goblin_desc;This character is a Goblin.;;;;;;;;;;;;;x
creature_snotling;Snotling;;;;;;;;;;;;;x
creature_snotling_desc;This character is a Snotling.;;;;;;;;;;;;;x
creature_nehekharan;Nehekharan;;;;;;;;;;;;;x
creature_nehekharan_desc;This character is an undead Nehekharan.;;;;;;;;;;;;;x
creature_skink;Skink;;;;;;;;;;;;;x
creature_skink_desc;This character is a Skink.;;;;;;;;;;;;;x
creature_skaven;Skaven;;;;;;;;;;;;;x
creature_skaven_desc;This character is a Skaven.;;;;;;;;;;;;;x
creature_ogre;Ogre;;;;;;;;;;;;;x
creature_ogre_desc;This character is an Ogre.;;;;;;;;;;;;;x
creature_beastman;Beastman;;;;;;;;;;;;;x
creature_beastman_desc;This character is a Beastman.;;;;;;;;;;;;;x
# MOUNT TRAITS
mount_dragon;Dragon;;;;;;;;;;;;;x
mount_dragon_desc;This character possesses the services of a dragon.;;;;;;;;;;;;;x
mount_dragon_undead;Undead Dragon;;;;;;;;;;;;;x
mount_dragon_undead_desc;This character possesses the services of a zombie dragon.;;;;;;;;;;;;;x
mount_dragon_chaos;Chaos Dragon;;;;;;;;;;;;;x
mount_dragon_chaos_desc;This character possesses the services of a chaos dragon.;;;;;;;;;;;;;x
mount_pegasus;Pegasus;;;;;;;;;;;;;x
mount_pegasus_desc;This character possesses the services of a pegasus.;;;;;;;;;;;;;x
mount_griffon;Griffon;;;;;;;;;;;;;x
mount_griffon_desc;This character possesses the services of a griffon.;;;;;;;;;;;;;x
mount_unicorn;Unicorn;;;;;;;;;;;;;x
mount_unicorn_desc;This character possesses the services of a unicorn.;;;;;;;;;;;;;x
mount_great_bear;Great Bear;;;;;;;;;;;;;x
mount_great_bear_desc;This character possesses the services of a great bear.;;;;;;;;;;;;;x
mount_demigryph;Demigryph;;;;;;;;;;;;;x
mount_demigryph_desc;This character possesses the services of a demigryph.;;;;;;;;;;;;;x
mount_wyvern;Wyvern;;;;;;;;;;;;;x
mount_wyvern_desc;This character possesses the services of a wyvern.;;;;;;;;;;;;;x
mount_gigantic_spider;Gigantic Spider;;;;;;;;;;;;;x
mount_gigantic_spider_desc;This character possesses the services of a gigantic spider.;;;;;;;;;;;;;x
mount_gigantic_squig;Gigantic Squig;;;;;;;;;;;;;x
mount_gigantic_squig_desc;This character possesses the services of a gigantic squig.;;;;;;;;;;;;;x
mount_arachnarok;Arachnarok;;;;;;;;;;;;;x
mount_arachnarok_desc;This character possesses the services of a arachnarok.;;;;;;;;;;;;;x
mount_hellsteed;Hellsteed;;;;;;;;;;;;;x
mount_hellsteed_desc;This character possesses the services of a hellsteed.;;;;;;;;;;;;;x
mount_abyssal_terror;Abyssal Terror;;;;;;;;;;;;;x
mount_abyssal_terror_desc;This character possesses the services of a abyssal terror.;;;;;;;;;;;;;x
mount_terrorgheist;Terrorgheist;;;;;;;;;;;;;x
mount_terrorgheist_desc;This character possesses the services of a terrorgheist.;;;;;;;;;;;;;x
mount_coven_engine;Coven Engine;;;;;;;;;;;;;x
mount_coven_engine_desc;This character possesses the services of a coven engine.;;;;;;;;;;;;;x
mount_mortis_engine;Mortis Engine;;;;;;;;;;;;;x
mount_mortis_engine_desc;This character possesses the services of a mortis engine.;;;;;;;;;;;;;x
mount_black_coach;Black Coach;;;;;;;;;;;;;x
mount_black_coach_desc;This character possesses the services of a black coach.;;;;;;;;;;;;;x
mount_war_altar;War Altar;;;;;;;;;;;;;x
mount_war_altar_desc;This character possesses the services of a war altar.;;;;;;;;;;;;;x
mount_terradon;Terradon;;;;;;;;;;;;;x
mount_terradon_desc;This character possesses the services of a terradon.;;;;;;;;;;;;;x
mount_stegadon;Stegadon;;;;;;;;;;;;;x
mount_stegadon_desc;This character possesses the services of a stegadon.;;;;;;;;;;;;;x
mount_cold_one;Cold One;;;;;;;;;;;;;x
mount_cold_one_desc;This character possesses the services of a cold one.;;;;;;;;;;;;;x
mount_eagle;Eagle;;;;;;;;;;;;;x
mount_eagle_desc;This character possesses the services of a eagle.;;;;;;;;;;;;;x
mount_stag;Stag;;;;;;;;;;;;;x
mount_stag_desc;This character possesses the services of a stag.;;;;;;;;;;;;;x
mount_manticore;Manticore;;;;;;;;;;;;;x
mount_manticore_desc;This character possesses the services of a manticore.;;;;;;;;;;;;;x
mount_daemonic;Daemonic Mount;;;;;;;;;;;;;x
mount_daemonic_desc;This character possesses the services of a daemonic steed.;;;;;;;;;;;;;x
mount_juggernaut;Juggernaut;;;;;;;;;;;;;x
mount_juggernaut_desc;This character possesses the services of a juggernaut.;;;;;;;;;;;;;x
mount_slaanesh_steed;Steed of Slaanesh;;;;;;;;;;;;;x
mount_slaanesh_steed_desc;This character possesses the services of a beast of Slaanesh.;;;;;;;;;;;;;x
mount_plague_toad;Plague Toad;;;;;;;;;;;;;x
mount_plague_toad_desc;This character possesses the services of a plague toad.;;;;;;;;;;;;;x
mount_toad_dragon;Toad Dragon;;;;;;;;;;;;;x
mount_toad_dragon_desc;This character possesses the services of a toad dragon.;;;;;;;;;;;;;x
mount_tzeentch_disc;Tzeentch Disc;;;;;;;;;;;;;x
mount_tzeentch_disc_desc;This character possesses the services of a disc of Tzeentch.;;;;;;;;;;;;;x
mount_war_sphinx;War Sphinx;;;;;;;;;;;;;x
mount_war_sphinx_desc;This character possesses the services of a war sphinx.;;;;;;;;;;;;;x
mount_thundertusk;Thundertusk;;;;;;;;;;;;;x
mount_thundertusk_desc;This character possesses the services of a thundertusk.;;;;;;;;;;;;;x
mount_stonehorn;Stonehorn;;;;;;;;;;;;;x
mount_stonehorn_desc;This character possesses the services of a stonehorn.;;;;;;;;;;;;;x
# ARMOUR TRAITS
armour_chaos;Armour of Chaos;;;;;;;;;;;;;x
armour_chaos_desc;This suit of cursed armour bears the taint of the warp, bonding to the flesh and whispering to the mind.;;;;;;;;;;;;;x
armour_khorne;Armour of Khorne;;;;;;;;;;;;;x
armour_khorne_desc;This suit of heavy armour is infused with the power of Khorne. The wearer becomes a true engine of destruction, a melding of sinew and metal devoted to slaughter.;;;;;;;;;;;;;x
armour_slaanesh;Armour of Slaanesh;;;;;;;;;;;;;x
armour_slaanesh_desc;This suit of armour is an elegant shrine to Slaanesh, simultaneously beautiful and horrid to behold. The wearer will find their sanity stripped away as they are forced to indulge in ever greater acts of debauchery.;;;;;;;;;;;;;x
armour_nurgle;Armour of Nurgle;;;;;;;;;;;;;x
armour_nurgle_desc;This suit of armour reeks of decay and despair. The state of the wearer is that of putrid carrion, but Nurgle imbues them with cancerous regeneration to prolong their service.;;;;;;;;;;;;;x
armour_tzeentch;Armour of Tzeentch;;;;;;;;;;;;;x
armour_tzeentch_desc;This armour echoes with forgotten secrets and arcane lore, empowering the wearer to fulfill the Changer of Way's plans.;;;;;;;;;;;;;x
armour_gromril;Gromril Armour;;;;;;;;;;;;;x
armour_gromril_desc;This armour is forged from Gromril star-metal, providing excellent protection for the fortunate owner.;;;;;;;;;;;;;x
armour_rune;Rune Armour;;;;;;;;;;;;;x
armour_rune_desc;This armour possesses runes of strength and protection.;;;;;;;;;;;;;x
armour_enchanted;Enchanted Armour;;;;;;;;;;;;;x
armour_enchanted_desc;This armour has been enchanted by wizardry to be stronger and tougher than regular armour.;;;;;;;;;;;;;x
armour_blessed;Blessed Armour;;;;;;;;;;;;;x
armour_blessed_desc;This armour has been blessed by divine power to be stronger and tougher than regular armour.;;;;;;;;;;;;;x
# WEAPON TRAITS
weapon_chaos;Weapon of Chaos;;;;;;;;;;;;;x
weapon_chaos_desc;This weapon thirsts for slaughter and seeks to influence the mind of the wielder.;;;;;;;;;;;;;x
weapon_khorne;Weapon of Khorne;;;;;;;;;;;;;x
weapon_khorne_desc;This weapon lusts for bloodletting and violence, and will guide the wielder towards ever greater martial prowess and mindless destruction.;;;;;;;;;;;;;x
weapon_slaanesh;Weapon of Slaanesh;;;;;;;;;;;;;x
weapon_slaanesh_desc;This weapon whispers sweet corruption to the wielder, leading them onward to glorious depravity and excess.;;;;;;;;;;;;;x
weapon_nurgle;Weapon of Nurgle;;;;;;;;;;;;;x
weapon_nurgle_desc;This weapon curdles the body and spirit of the wielder, drawing them closer to Nurgle's loving embrace even as they swell with power.;;;;;;;;;;;;;x
weapon_tzeentch;Weapon of Tzeentch;;;;;;;;;;;;;x
weapon_tzeentch_desc;This weapon writhes with a living energy, straining to make and unmake reality as the wielder learns forbidden secrets.;;;;;;;;;;;;;x
weapon_gromril;Gromril Weapon;;;;;;;;;;;;;x
weapon_gromril_desc;This weapon is forged from Gromril star-metal, allowing it to crush or cleave any foe.;;;;;;;;;;;;;x
weapon_rune;Rune Weapon;;;;;;;;;;;;;x
weapon_rune_desc;This weapon possesses runes of violence and un-making.;;;;;;;;;;;;;x
weapon_enchanted;Enchanted Weapon;;;;;;;;;;;;;x
weapon_enchanted_desc;This weapon has been enchanted by wizardry to be deadlier than regular weapons.;;;;;;;;;;;;;x
weapon_blessed;Blessed Weapon;;;;;;;;;;;;;x
weapon_blessed_desc;This weapon has been blessed by divine power to be deadlier than regular weapons.;;;;;;;;;;;;;x
# WORSHIPPER TRAITS
worshipper_of_elder_gods;Worshipper of the Elder Gods;;;;;;;;;;;;;x
worshipper_of_elder_gods_desc;This character is not devoted to any particular god, instead paying reverence to the entire pantheon of elder gods.;;;;;;;;;;;;;x
worshipper_of_classical_gods;Worshipper of the Classical Gods;;;;;;;;;;;;;x
worshipper_of_classical_gods_desc;This character is not devoted to any particular god, instead paying reverence to the entire pantheon of classical gods.;;;;;;;;;;;;;x
worshipper_of_ancestor_gods;Worshipper of the Ancestor Gods;;;;;;;;;;;;;x
worshipper_of_ancestor_gods_desc;This character is not devoted to any particular god, instead paying reverence to the entire pantheon of dwarven ancestor gods.;;;;;;;;;;;;;x
worshipper_of_nehekharan_gods;Worshipper of the Nehekharan Gods;;;;;;;;;;;;;x
worshipper_of_nehekharan_gods_desc;This character is not devoted to any particular god, instead paying reverence to the entire pantheon of Nehekharan gods.;;;;;;;;;;;;;x
worshipper_of_northern_gods;Worshipper of the Northern Gods;;;;;;;;;;;;;x
worshipper_of_northern_gods_desc;This character is not devoted to any particular god, instead paying reverence to the entire pantheon of northern gods.;;;;;;;;;;;;;x
worshipper_of_halfling_gods;Worshipper of the Halfling Gods;;;;;;;;;;;;;x
worshipper_of_halfling_gods_desc;This character is not devoted to any particular god, instead paying reverence to the entire pantheon of halfling gods.;;;;;;;;;;;;;x
worshipper_of_norse_gods;Worshipper of the Norse Gods;;;;;;;;;;;;;x
worshipper_of_norse_gods_desc;This character is not devoted to any particular god, instead paying reverence to the entire pantheon of Norse gods.;;;;;;;;;;;;;x
worshipper_of_greenskin_gods;Worshipper of Gork and Mork;;;;;;;;;;;;;x
worshipper_of_greenskin_gods_desc;This character is not devoted to any particular god, instead paying reverence to both Gork and Mork. This may be because they place great value on both cunning and brutality, or because they have forgotten which one is which.;;;;;;;;;;;;;x
worshipper_of_taal;Worshipper of Taal;;;;;;;;;;;;;x
worshipper_of_taal_desc;This character is devoted to Taal, god of nature and wild lands.;;;;;;;;;;;;;x
worshipper_of_rhya;Worshipper of Rhya;;;;;;;;;;;;;x
worshipper_of_rhya_desc;This character is devoted to Rhya, goddess of the earth, fertility, and love.;;;;;;;;;;;;;x
worshipper_of_manann;Worshipper of Manann;;;;;;;;;;;;;x
worshipper_of_manann_desc;This character is devoted to Manann, god of seas and great rivers.;;;;;;;;;;;;;x
worshipper_of_ulric;Worshipper of Ulric;;;;;;;;;;;;;x
worshipper_of_ulric_desc;This character is devoted to Ulric, god of battle, winter and wolves.;;;;;;;;;;;;;x
worshipper_of_morr;Worshipper of Morr;;;;;;;;;;;;;x
worshipper_of_morr_desc;This character is devoted to Morr, god of death, sleep and dreams.;;;;;;;;;;;;;x
worshipper_of_verena;Worshipper of Verena;;;;;;;;;;;;;x
worshipper_of_verena_desc;This character is devoted to Verena, goddess of learning, knowledge and justice.;;;;;;;;;;;;;x
worshipper_of_myrmidia;Worshipper of Myrmidia;;;;;;;;;;;;;x
worshipper_of_myrmidia_desc;This character is devoted to Myrmidia, goddess of strategy and war.;;;;;;;;;;;;;x
worshipper_of_shallya;Worshipper of Shallya;;;;;;;;;;;;;x
worshipper_of_shallya_desc;This character is devoted to Shallya, goddess of healing and mercy.;;;;;;;;;;;;;x
worshipper_of_ranald;Worshipper of Ranald;;;;;;;;;;;;;x
worshipper_of_ranald_desc;This character is devoted to Ranald, god of gambling, tricks and thievery.;;;;;;;;;;;;;x
worshipper_of_sigmar;Worshipper of Sigmar;;;;;;;;;;;;;x
worshipper_of_sigmar_desc;This character is devoted to Sigmar, patron of the Empire and humanity.;;;;;;;;;;;;;x
worshipper_of_dazh;Worshipper of Dazh;;;;;;;;;;;;;x
worshipper_of_dazh_desc;This character is devoted to Dazh, god of fire and the sun.;;;;;;;;;;;;;x
worshipper_of_tor;Worshipper of Tor;;;;;;;;;;;;;x
worshipper_of_tor_desc;This character is devoted to Tor, god of thunder and war.;;;;;;;;;;;;;x
worshipper_of_kalita;Worshipper of Kalita;;;;;;;;;;;;;x
worshipper_of_kalita_desc;This character is devoted to Kalita, god of trade and commerce.;;;;;;;;;;;;;x
worshipper_of_salyak;Worshipper of Salyak;;;;;;;;;;;;;x
worshipper_of_salyak_desc;This character is devoted to Salyak, goddess of healing and mercy.;;;;;;;;;;;;;x
worshipper_of_zemlya;Worshipper of Zemyla;;;;;;;;;;;;;x
worshipper_of_zemlya_desc;This character is devoted to Zemyla, goddess of the steppe.;;;;;;;;;;;;;x
worshipper_of_heama;Worshipper of Heama;;;;;;;;;;;;;x
worshipper_of_heama_desc;This character is devoted to Heama, god of flame.;;;;;;;;;;;;;x
worshipper_of_esmerelda;Worshipper of Esmerelda;;;;;;;;;;;;;x
worshipper_of_esmerelda_desc;This character is devoted to Esmerelda, goddess of hearth and home.;;;;;;;;;;;;;x
worshipper_of_gaffey;Worshipper of Gaffey;;;;;;;;;;;;;x
worshipper_of_gaffey_desc;This character is devoted to Gaffey, god of villages and building.;;;;;;;;;;;;;x
worshipper_of_hyacinth;Worshipper of Hyacinth;;;;;;;;;;;;;x
worshipper_of_hyacinth_desc;This character is devoted to Hyacinth, goddess of fertility and childbirth.;;;;;;;;;;;;;x
worshipper_of_josias;Worshipper of Josias;;;;;;;;;;;;;x
worshipper_of_josias_desc;This character is devoted to Josias, god of agriculture.;;;;;;;;;;;;;x
worshipper_of_phineas;Worshipper of Phineas;;;;;;;;;;;;;x
worshipper_of_phineas_desc;This character is devoted to Phineas, god of smoking tobacco.;;;;;;;;;;;;;x
worshipper_of_quinsberry;Worshipper of Quinsberry;;;;;;;;;;;;;x
worshipper_of_quinsberry_desc;This character is devoted to Quinsberry, god of ancestry and tradition.;;;;;;;;;;;;;x
worshipper_of_handrich;Worshipper of Handrich;;;;;;;;;;;;;x
worshipper_of_handrich_desc;This character is devoted to Handrich, god of trade and commerce.;;;;;;;;;;;;;x
worshipper_of_stromfels;Worshipper of Stromfels;;;;;;;;;;;;;x
worshipper_of_stromfels_desc;This character is devoted to Stromfels, god of dangerous seas and patron of pirates.;;;;;;;;;;;;;x
worshipper_of_lady_of_the_lake;Worshipper of the Lady of the Lake;;;;;;;;;;;;;x
worshipper_of_lady_of_the_lake_desc;This character is devoted to the Lady of the Lake, patron of chivalry and protector of Bretonnia.;;;;;;;;;;;;;x
worshipper_of_lucan_and_luccina;Worshipper of Lucan and Luccina;;;;;;;;;;;;;x
worshipper_of_lucan_and_luccina_desc;This character is devoted to Lucan and Luccina, divine twins and patrons of the city of Luccini.;;;;;;;;;;;;;x
worshipper_of_mermedus;Worshipper of Mermedus;;;;;;;;;;;;;x
worshipper_of_mermedus_desc;This character is devoted to Mermedus, god of storms and sea monsters.;;;;;;;;;;;;;x
worshipper_of_grungni;Worshipper of Grungni;;;;;;;;;;;;;x
worshipper_of_grungni_desc;This character is devoted to Grungni, god of mining and blacksmiths.;;;;;;;;;;;;;x
worshipper_of_valaya;Worshipper of Valaya;;;;;;;;;;;;;x
worshipper_of_valaya_desc;This character is devoted to Valaya, goddess of healing and protection.;;;;;;;;;;;;;x
worshipper_of_grimnir;Worshipper of Grimnir;;;;;;;;;;;;;x
worshipper_of_grimnir_desc;This character is devoted to Grimnir, god of war.;;;;;;;;;;;;;x
worshipper_of_gazul;Worshipper of Gazul;;;;;;;;;;;;;x
worshipper_of_gazul_desc;This character is devoted to Gazul, god of the dead.;;;;;;;;;;;;;x
worshipper_of_thungni;Worshipper of Thungni;;;;;;;;;;;;;x
worshipper_of_thungni_desc;This character is devoted to Thungni, god of runic magic and smithing.;;;;;;;;;;;;;x
worshipper_of_morgrim;Worshipper of Morgrim;;;;;;;;;;;;;x
worshipper_of_morgrim_desc;This character is devoted to Morgrim, god of engineering.;;;;;;;;;;;;;x
worshipper_of_smednir;Worshipper of Smednir;;;;;;;;;;;;;x
worshipper_of_smednir_desc;This character is devoted to Smednir, god of metalworking.;;;;;;;;;;;;;x
worshipper_of_hashut;Worshipper of Hashut;;;;;;;;;;;;;x
worshipper_of_hashut_desc;This character is devoted to Hashut, the Father of the Chaos Dwarves.;;;;;;;;;;;;;x
worshipper_of_chaos_undivided;Worshipper of Chaos Undivided;;;;;;;;;;;;;x
worshipper_of_chaos_undivided_desc;This character is not devoted to any particular god, instead paying reverence to all four Chaos Gods.;;;;;;;;;;;;;x
worshipper_of_khorne;Worshipper of Khorne;;;;;;;;;;;;;x
worshipper_of_khorne_desc;This character is devoted to Khorne, the Chaos God of rage, bloodshed and eternal war.;;;;;;;;;;;;;x
worshipper_of_nurgle;Worshipper of Nurgle;;;;;;;;;;;;;x
worshipper_of_nurgle_desc;This character is devoted to Nurgle, the Chaos God of pestilence, despair and corruption.;;;;;;;;;;;;;x
worshipper_of_slaanesh;Worshipper of Slaanesh;;;;;;;;;;;;;x
worshipper_of_slaanesh_desc;This character is devoted to Slaanesh, the Chaos God of excesses, perfection and pleasure.;;;;;;;;;;;;;x
worshipper_of_tzeentch;Worshipper of Tzeentch;;;;;;;;;;;;;x
worshipper_of_tzeentch_desc;This character is devoted to Tzeentch, the Chaos God of change, hope, schemes and magic.;;;;;;;;;;;;;x
worshipper_of_malal;Worshipper of Hashut;;;;;;;;;;;;;x
worshipper_of_malal_desc;This character is devoted to Malal, the Chaos God of anarchy and terror.;;;;;;;;;;;;;x
worshipper_of_necoho;Ironic Worshipper of Necoho;;;;;;;;;;;;;x
worshipper_of_necoho_desc;This character is devoted, possibly, to Necoho, the Chaos God of doubt and atheism.;;;;;;;;;;;;;x
worshipper_of_zuvassin;Worshipper of Zuvassin;;;;;;;;;;;;;x
worshipper_of_zuvassin_desc;This character is devoted to Zuvassin, the Chaos God of sabotage and spite.;;;;;;;;;;;;;x
worshipper_of_asaph;Worshipper of Asaph;;;;;;;;;;;;;x
worshipper_of_asaph_desc;This character is devoted to Asaph, goddess of magic, vengeance and beauty.;;;;;;;;;;;;;x
worshipper_of_khsar;Worshipper of Khsar;;;;;;;;;;;;;x
worshipper_of_khsar_desc;This character is devoted to Khsar, god of the desert.;;;;;;;;;;;;;x
worshipper_of_phakth;Worshipper of Phakth;;;;;;;;;;;;;x
worshipper_of_phakth_desc;This character is devoted to Phakth, god of the sky and the hunt.;;;;;;;;;;;;;x
worshipper_of_ptra;Worshipper of Ptra;;;;;;;;;;;;;x
worshipper_of_ptra_desc;This character is devoted to Ptra, god of the sun, immortality, and time.;;;;;;;;;;;;;x
worshipper_of_basth;Worshipper of Basth;;;;;;;;;;;;;x
worshipper_of_basth_desc;This character is devoted to Basth, goddess of grace and love.;;;;;;;;;;;;;x
worshipper_of_usirian;Worshipper of Usirian;;;;;;;;;;;;;x
worshipper_of_usirian_desc;This character is devoted to Usirian, god of the underworld.;;;;;;;;;;;;;x
worshipper_of_quaph;Worshipper of Qu'aph;;;;;;;;;;;;;x
worshipper_of_quaph_desc;This character is devoted to Qu'aph, goddess of truth and justice.;;;;;;;;;;;;;x
worshipper_of_geheb;Worshipper of Geheb;;;;;;;;;;;;;x
worshipper_of_geheb_desc;This character is devoted to Geheb, god of strength and earth.;;;;;;;;;;;;;x
worshipper_of_sokth;Worshipper of Sokth;;;;;;;;;;;;;x
worshipper_of_sokth_desc;This character is devoted to Sokth, god of assassins and murder.;;;;;;;;;;;;;x
worshipper_of_phaa;Worshipper of Pha'a;;;;;;;;;;;;;x
worshipper_of_phaa_desc;This character is devoted to Pha'a, god of crafting and industry.;;;;;;;;;;;;;x
worshipper_of_tahoth;Worshipper of Usekph;;;;;;;;;;;;;x
worshipper_of_tahoth_desc;This character is devoted to Usekph, god of knowledge and lore.;;;;;;;;;;;;;x
worshipper_of_gork;Worshipper of Gork;;;;;;;;;;;;;x
worshipper_of_gork_desc;This character is devoted to Gork, who is brutally cunning.;;;;;;;;;;;;;x
worshipper_of_mork;Worshipper of Mork;;;;;;;;;;;;;x
worshipper_of_mork_desc;This character is devoted to Mork, who is cunningly brutal.;;;;;;;;;;;;;x
worshipper_of_spider;Worshipper of the Spider;;;;;;;;;;;;;x
worshipper_of_spider_desc;This character is devoted to the Spider, lord of the forest and devourer of goblins.;;;;;;;;;;;;;x
worshipper_of_asuryan;Worshipper of Asuryan;;;;;;;;;;;;;x
worshipper_of_asuryan_desc;This character is devoted to Asuryan, god and patron of Ulthuan.;;;;;;;;;;;;;x
worshipper_of_isha;Worshipper of Isha;;;;;;;;;;;;;x
worshipper_of_isha_desc;This character is devoted to Isha, goddess of the harvest and fertility.;;;;;;;;;;;;;x
worshipper_of_kurnous;Worshipper of Kurnous;;;;;;;;;;;;;x
worshipper_of_kurnous_desc;This character is devoted to Kurnous, god of the hunt and the wild.;;;;;;;;;;;;;x
worshipper_of_hoeth;Worshipper of Hoeth;;;;;;;;;;;;;x
worshipper_of_hoeth_desc;This character is devoted to Hoeth, god of wisdom, knowledge, and sorcery.;;;;;;;;;;;;;x
worshipper_of_vaul;Worshipper of Vaul;;;;;;;;;;;;;x
worshipper_of_vaul_desc;This character is devoted to Vaul, god of forging and creation.;;;;;;;;;;;;;x
worshipper_of_loec;Worshipper of Loec;;;;;;;;;;;;;x
worshipper_of_loec_desc;This character is devoted to Loec, god of trickery, shadows and vengeance.;;;;;;;;;;;;;x
worshipper_of_lileath;Worshipper of Lileath;;;;;;;;;;;;;x
worshipper_of_lileath_desc;This character is devoted to Lileath, goddess of dreams and fortunes.;;;;;;;;;;;;;x
worshipper_of_ladrielle;Worshipper of Ladrielle;;;;;;;;;;;;;x
worshipper_of_ladrielle_desc;This character is devoted to Ladrielle, goddess of festivity and illusion.;;;;;;;;;;;;;x
worshipper_of_ereth_khial;Worshipper of Ereth Khial;;;;;;;;;;;;;x
worshipper_of_ereth_khial_desc;This character is devoted to Ereth Khial, goddess of the underworld and the dead.;;;;;;;;;;;;;x
worshipper_of_khaine;Worshipper of Khaine;;;;;;;;;;;;;x
worshipper_of_khaine_desc;This character is devoted to Khaine, god of murder and strife.;;;;;;;;;;;;;x
worshipper_of_moraig_heg;Worshipper of Moraig-Heg;;;;;;;;;;;;;x
worshipper_of_moraig_heg_desc;This character is devoted to Moraig-Heg, goddess of the underworld.;;;;;;;;;;;;;x
worshipper_of_atharti;Worshipper of Atharti;;;;;;;;;;;;;x
worshipper_of_atharti_desc;This character is devoted to Atharti, goddess of pleasure and indulgence.;;;;;;;;;;;;;x
worshipper_of_ellinill;Worshipper of Ellinill;;;;;;;;;;;;;x
worshipper_of_ellinill_desc;This character is devoted to Ellinill, god of destruction and disaster.;;;;;;;;;;;;;x
worshipper_of_nethu;Worshipper of Nethu;;;;;;;;;;;;;x
worshipper_of_nethu_desc;This character is devoted to Nethu, god of the underworld's gates.;;;;;;;;;;;;;x
worshipper_of_anath_raema;Worshipper of Anath Raema;;;;;;;;;;;;;x
worshipper_of_anath_raema_desc;This character is devoted to Anath Raema, goddess of the cruel and savage hunt.;;;;;;;;;;;;;x
worshipper_of_hekarti;Worshipper of Hekarti;;;;;;;;;;;;;x
worshipper_of_hekarti_desc;This character is devoted to Hekarti, goddess of sorcery and dark magic.;;;;;;;;;;;;;x
worshipper_of_old_faith;Worshipper of the Old Faith;;;;;;;;;;;;;x
worshipper_of_old_faith_desc;This character is devoted to the Old Faith, way of nature and the world.;;;;;;;;;;;;;x
worshipper_of_great_maw;Worshipper of the Great Maw;;;;;;;;;;;;;x
worshipper_of_great_maw_desc;This character is devoted to the Great Maw, god of the Ogres, the ever-hungering pit.;;;;;;;;;;;;;x
worshipper_of_horned_rat;Worshipper of the Horned Rat;;;;;;;;;;;;;x
worshipper_of_horned_rat_desc;This character is devoted to the Horned Rat, god of the Skaven and master of ruin and desecration.;;;;;;;;;;;;;x
worshipper_of_ormazd;Worshipper of Ormazd;;;;;;;;;;;;;x
worshipper_of_ormazd_desc;This character is devoted to Ormazd, god of truth and the cleansing flame.;;;;;;;;;;;;;x
worshipper_of_zirv;Worshipper of Zirv;;;;;;;;;;;;;x
worshipper_of_zirv_desc;This character is devoted to Zirv, god of eternity.;;;;;;;;;;;;;x
worshipper_of_ahgriman;Worshipper of Ahgriman;;;;;;;;;;;;;x
worshipper_of_ahgriman_desc;This character is devoted to Ahgriman, god of darkness.;;;;;;;;;;;;;x
worshipper_of_spirits;Worshipper of the Spirits;;;;;;;;;;;;;x
worshipper_of_spirits_desc;This character is devoted to the spirits of the land, found in every storm, mountain, river or forest.;;;;;;;;;;;;;x
worshipper_of_ancestors;Worshipper of the Ancestors;;;;;;;;;;;;;x
worshipper_of_ancestors_desc;This character is devoted to their ancestors, the wise and brave who came before them.;;;;;;;;;;;;;x
worshipper_of_vampire;Worshipper of Vampires;;;;;;;;;;;;;x
worshipper_of_vampire_desc;This character is devoted to their vampiric master, compelled by magic or a lust for power.;;;;;;;;;;;;;x
worshipper_of_self;Worshipper of Self;;;;;;;;;;;;;x
worshipper_of_self_desc;This character is devoted to nothing but themselves, regarding the patronage of a deity below them.;;;;;;;;;;;;;x
worshipper_of_sigmars_saints;Worshipper of Sigmar's Saints;;;;;;;;;;;;;x
worshipper_of_sigmars_saints_desc;This character is devoted to one or more of the saints of Sigmar, the champions and legends of ages past.;;;;;;;;;;;;;x
# GREENSKIN TRAITS
orc_small;Small Orc;;;;;;;;;;;;;x
orc_small_desc;This orc is downright titchy and should only think about bossing even smaller things, like squigs and snotlings.;;;;;;;;;;;;;x
orc_average;Average Orc;;;;;;;;;;;;;x
orc_average_desc;This orc is about the size of an orc, and should follow their boss.;;;;;;;;;;;;;x
orc_large;Large Orc;;;;;;;;;;;;;x
orc_large_desc;This orc is large, making them suitable for bossing most orcs around.;;;;;;;;;;;;;x
orc_huge;Huge Orc;;;;;;;;;;;;;x
orc_huge_desc;This orc is huge, making them the rightful boss of every sensible orc.;;;;;;;;;;;;;x
goblin_small;Small Goblin;;;;;;;;;;;;;x
goblin_small_desc;This goblin is downright titchy and should only think about bossing even smaller things, like squigs and snotlings.;;;;;;;;;;;;;x
goblin_average;Average Goblin;;;;;;;;;;;;;x
goblin_average_desc;This goblin is about the size of an goblin, and should follow their boss.;;;;;;;;;;;;;x
goblin_large;Large Goblin;;;;;;;;;;;;;x
goblin_large_desc;This goblin is large, making them suitable for bossing most goblins around.;;;;;;;;;;;;;x
goblin_huge;Huge Goblin;;;;;;;;;;;;;x
goblin_huge_desc;This goblin is huge, making them the rightful boss of every sensible goblin.;;;;;;;;;;;;;x
# BRETONNIAN TRAITS
virtue_of_chivalry;Virtue of Chivalry;;;;;;;;;;;;;x
virtue_of_chivalry_desc;This Knight pursues the Virtue of Chivalry. Every knight must follow a wide-reaching code of conduct.;;;;;;;;;;;;;x
virtue_of_audacity;Virtue of Audacity;;;;;;;;;;;;;x
virtue_of_audacity_desc;This Knight pursues the Virtue of Audacity. Companion Agilgar of Parravon exemplified this with his daring and cunning when fighting foes much larger than himself.;;;;;;;;;;;;;x
virtue_of_confidence;Virtue of Confidence;;;;;;;;;;;;;x
virtue_of_confidence_desc;This Knight pursues the Virtue of Confidence. Carleond of Couronne would challenge any foe to a duel, so sure in abilities was he.;;;;;;;;;;;;;x
virtue_of_discipline;Virtue of Discipline;;;;;;;;;;;;;x
virtue_of_discipline_desc;This Knight pursues the Virtue of Discipline. Marcus of Bordeleaux provided the original example by always facing overwhelming odds with perfect calm and dignity.;;;;;;;;;;;;;x
virtue_of_duty;Virtue of Duty;;;;;;;;;;;;;x
virtue_of_duty_desc;This Knight pursues the Virtue of Duty. Companion Thierulf of Lyonesse embodied such loyalty, shown in his steadfast duty to Gilles.;;;;;;;;;;;;;x
virtue_of_empathy;Virtue of Empathy;;;;;;;;;;;;;x
virtue_of_empathy_desc;This Knight pursues the Virtue of Empathy. Martrud of Montfort treated the peasantry well, earning their respect and loyalty.;;;;;;;;;;;;;x
virtue_of_heroism;Virtue of Heroism;;;;;;;;;;;;;x
virtue_of_heroism_desc;This Knight pursues the Virtue of Heroism. Gilles of Bastonne slew many monsters and pursued them to their darkest lairs, refusing to let such evil blight the innocent.;;;;;;;;;;;;;x
virtue_of_ideal;Virtue of the Ideal;;;;;;;;;;;;;x
virtue_of_ideal_desc;This Knight pursues the Virtue of the Ideal. Landuin of Mousillon embodied all aspects of the true knight - master of combat as well as wisdom and heroism.;;;;;;;;;;;;;x
virtue_of_impetuous;Virtue of the Impetuous Knight;;;;;;;;;;;;;x
virtue_of_impetuous_desc;This Knight pursues the Virtue of the Impetuous Knight. Companion Balduin of Brionne refused to give the enemy a chance to plan or regroup, and always led the charge himself.;;;;;;;;;;;;;x
virtue_of_joust;Virtue of the Joust;;;;;;;;;;;;;x
virtue_of_joust_desc;This Knight pursues the Virtue of the Joust. Folgar of Artois mastered the lance and other tools of war, winning glory in tournaments and battles.;;;;;;;;;;;;;x
virtue_of_temper;Virtue of Knightly Temper;;;;;;;;;;;;;x
virtue_of_temper_desc;This Knight pursues the Virtue of Knightly Temper. Beren of Gisoreux fought with great aggressiveness, often overwhelming his foe before they could recover from the onslaught.;;;;;;;;;;;;;x
virtue_of_disdain;Virtue of Noble Disdain;;;;;;;;;;;;;x
virtue_of_disdain_desc;This Knight pursues the Virtue of Noble Disdain. Fredemund of Aquitaine had nothing but contempt for those who would use the weapons or tactics of cowards.;;;;;;;;;;;;;x
virtue_of_penitent;Virtue of the Penitent;;;;;;;;;;;;;x
virtue_of_penitent_desc;This Knight pursues the Virtue of the Penitent. Companion Corduin of L'Anguille never forgot those who were lost, but channeled his grief into great acts of valour.;;;;;;;;;;;;;x
virtue_of_purity;Virtue of Purity;;;;;;;;;;;;;x
virtue_of_purity_desc;This Knight pursues the Virtue of Purity. Rademund of Quenelles championed the Lady in all things, winning glory not for himself, but for her.;;;;;;;;;;;;;x
virtue_of_stoicism;Virtue of Stoicism;;;;;;;;;;;;;x
virtue_of_stoicism_desc;This Knight pursues the Virtue of Stoicism. Lambard of Carcassonne faced many nightmarish creatures, but never showed fear.;;;;;;;;;;;;;x
virtue_of_quest;Virtue of the Quest;;;;;;;;;;;;;x
virtue_of_quest_desc;This Knight pursues the Virtue of the Quest.;;;;;;;;;;;;;x
knight_grail;Grail Knight;;;;;;;;;;;;;x
knight_grail_desc;This Knight has found the Grail.;;;;;;;;;;;;;x
knight_questing;Questing Knight;;;;;;;;;;;;;x
knight_questing_desc;This Knight is actively searching for the Grail.;;;;;;;;;;;;;x
# ELF TRAITS
nagarythi_elf;Nagarythi;;;;;;;;;;;;;x
nagarythi_elf_desc;This elf is from the Shadowlands, or Nagarythe. They are distrusted despite their actions.;;;;;;;;;;;;;x
# VAMPIRE TRAITS
vampire_lahmian_visible;Lahmian Vampire;;;;;;;;;;;;;x
vampire_lahmian_visible_desc;This character is a Vampire of the Lahmian Bloodline. The Lahmian Vampires are known for being sensual as well as vicious. Their beauty often blinds their foes to the danger that lurks behind the mask.;;;;;;;;;;;;;x
vampire_lahmian_hidden;Hidden Lahmian Vampire;;;;;;;;;;;;;x
vampire_lahmian_hidden_desc;This character is unusually beautiful and their pale skin makes them look like a marble statue. It is not surprising then that they are most active at evening dinner parties.;;;;;;;;;;;;;x
vampire_carstein_visible;Carstein Vampire;;;;;;;;;;;;;x
vampire_carstein_visible_desc;This character is a vampire of the von Carstein bloodline.;;;;;;;;;;;;;x
vampire_carstein_hidden;Hidden Carstein Vampire;;;;;;;;;;;;;x
vampire_carstein_hidden_desc;What a nice fellow.;;;;;;;;;;;;;x
vampire_blood_visible;Blood Dragon Vampire;;;;;;;;;;;;;x
vampire_blood_visible_desc;This character is a vampire of the Blood Dragon bloodline.;;;;;;;;;;;;;x
vampire_blood_hidden;Hidden Blood Dragon Vampire;;;;;;;;;;;;;x
vampire_blood_hidden_desc;Blood Dragon.;;;;;;;;;;;;;x
vampire_strigoi_visible;Strigoi Vampire;;;;;;;;;;;;;x
vampire_strigoi_visible_desc;This character is a vampire of the Strigoi bloodline.;;;;;;;;;;;;;x
vampire_strigoi_hidden;Hidden Strigoi Vampire;;;;;;;;;;;;;x
vampire_strigoi_hidden_desc;This unfortunate fellow is extremely ugly!;;;;;;;;;;;;;x
vampire_necrach_visible;Necrach Vampire;;;;;;;;;;;;;x
vampire_necrach_visible_desc;This character is a vampire of the Necrach bloodline. Necrach vampires are gaunt, skeletal horrors, reeking of dead flesh and observing the world dispassionately with inhuman coldness.;;;;;;;;;;;;;x
vampire_necrach_hidden;Hidden Necrach Vampire;;;;;;;;;;;;;x
vampire_necrach_hidden_desc;This character must be suffering quietly of some terrible disease, what else could explain the rotting stench and bone-tight skin?;;;;;;;;;;;;;x
vampire_jade_visible;Jade Vampire;;;;;;;;;;;;;x
vampire_jade_visible_desc;Jade vampires are of alien manner and are enamoured with systems and patterns. Rumours of them actually having bright green blood are unfounded.;;;;;;;;;;;;;x
vampire_jade_hidden;Hidden Jade Vampire;;;;;;;;;;;;;x
vampire_jade_hidden_desc;This character is always thinking about the world, so much so that they never seem to find time to eat!;;;;;;;;;;;;;x
vampire_mahtmasi_visible;Mahtmasi Vampire;;;;;;;;;;;;;x
vampire_mahtmasi_visible_desc;Mahtmasi vampires are strange and mysterious things. It would be disingenuous to apply generalisations to such a diverse people.;;;;;;;;;;;;;x
vampire_mahtmasi_hidden;Hidden Mahtmasi Vampire;;;;;;;;;;;;;x
vampire_mahtmasi_hidden_desc;This character can't seem to decide what they want in life.;;;;;;;;;;;;;x
# SPECIAL CHARACTER TRAITS
special_char_nefereta;Nefereta;;;;;;;;;;;;;x
special_char_nefereta_desc;Nefereta, the first vampire and founder of the Lahmian bloodline.;;;;;;;;;;;;;x
special_char_vashanesh;Vashanesh;;;;;;;;;;;;;x
special_char_vashanesh_desc;Vashanesh, explorer of the north, founder the Carstein bloodline.;;;;;;;;;;;;;x
special_char_abhorash;Abhorash;;;;;;;;;;;;;x
special_char_abhorash_desc;Abhorash, love of Nefereta and master warrior, founder of the Blood Dragon bloodline.;;;;;;;;;;;;;x
special_char_ushoran;Ushoran;;;;;;;;;;;;;x
special_char_ushoran_desc;Ushoran, brother of Nefereta and creator of the Strigoi bloodline.;;;;;;;;;;;;;x
special_char_wsoran;W'soran;;;;;;;;;;;;;x
special_char_wsoran_desc;W'soran, manipulator of Nefereta and master of the Necrach bloodline.;;;;;;;;;;;;;x
special_char_harakhate;Harakhate;;;;;;;;;;;;;x
special_char_harakhate_desc;Harakhate, vizier of Nefereta and founder of the Jade bloodline;;;;;;;;;;;;;x
special_char_maatmases;Maatmases;;;;;;;;;;;;;x
special_char_maatmases_desc;Maatmases, judge of Nefereta and progenitor of the Mahtmasi bloodline.;;;;;;;;;;;;;x
special_char_red_duke;The Red Duke;;;;;;;;;;;;;x
special_char_red_duke_desc;The Red Duke should have died in battle with the Arabyans hundreds of years ago, but was driven mad by eternal life. Now the only name he remembers is the title given by his old enemies, 'El Syf ash-Shml', 'The Sword of the North'.;;;;;;;;;;;;;x
special_char_nagash;Nagash;;;;;;;;;;;;;x
special_char_nagash_desc;Once a grand and terrible wizard of Nehekhara, Nagash is now a monstrous undead form possessing somewhat diminished powers. His mind is ancient, but has not forgotten any of his enemies.;;;;;;;;;;;;;x
# NEHEKHARAN TRAITS
nehekharan_child;Nehekharan Child;;;;;;;;;;;;;x
nehekharan_child_desc;This Nehekharan died and was entombed as a child. Despite their small and frail body, they are just as cunning and ambitious as their peers.;;;;;;;;;;;;;x
# Warrior traits
master_warrior;Formidable Fighter;Combattant formidable;Formidable Fighter;;Formidable Fighter;;;;;;;;;x
master_warrior_desc;This character is one of the greatest warriors in the world, favored by God and dreaded on the battlefield.;Ce personnage est l'une des plus fines lames de le monde, il est favorisé par Dieu et redouté sur le champs de bataille. ;This character is one of the greatest warriors in the world, favored by God and dreaded on the battlefield.;;This character is one of the greatest warriors in the world, favored by God and dreaded on the battlefield.;;;;;;;;;x
poor_warrior;Poor Fighter;Mauvais combattant;Poor Fighter;;Poor Fighter;;;;;;;;;x
poor_warrior_desc;This character understands the basics of combat, but is sloppy, overconfident, and inexperienced.;Ce personnage comprend les bases du combat, mais il est négligent, présomptueux et inexpérimenté.;This character understands the basics of combat, but is sloppy, overconfident, and inexperienced.;;This character understands the basics of combat, but is sloppy, overconfident, and inexperienced.;;;;;;;;;x
skilled_warrior;Skilled Fighter;Combattant talentueux;Skilled Fighter;;Skilled Fighter;;;;;;;;;x
skilled_warrior_desc;This character possesses a certain talent for battle and swordplay.;Ce personnage possède un certain talent pour les batailles et les duels à l'épée.;This character possesses a certain talent for battle and swordplay.;;This character possesses a certain talent for battle and swordplay.;;;;;;;;;x
trained_warrior;Trained Fighter;Combattant entraîné;Trained Fighter;;Trained Fighter;;;;;;;;;x
trained_warrior_desc;This character has received training in the art of combat. While no master, they can hold their own in a fight.;Ce personnage a suivit un entrainement dans l'art de la guerre. S'il n'est pas un maître, il peut se débrouiller dans un combat.;This character has received training in the art of combat. While no master, they can hold their own in a fight.;;This character has received training in the art of combat. While no master, they can hold their own in a fight.;;;;;;;;;x
# ADDITIONAL TRAITS
tall;Tall;;;;;;;;;;;;;x
tall_desc;This character is exceptionally tall.;;;;;;;;;;;;;x
hideous;Hideous;;;;;;;;;;;;;x
hideous_desc;This character has a most horrifying appearance.;;;;;;;;;;;;;x
beautiful;Beautiful;;;;;;;;;;;;;x
beautiful_desc;This character has a statuesque appearance, one most alluring and attractive.;;;;;;;;;;;;;x
#MUTATION TRAITS
mutation_minor;Minor Mutation;;;;;;;;;;;;;x
mutation_minor_desc;This character possess a small mutation that has little effect.;;;;;;;;;;;;;x
mutation_major;Major Mutation;;;;;;;;;;;;;x
mutation_major_desc;This character possess a large mutation that radically changes [This.GetHerHis] body.;;;;;;;;;;;;;x
mutation_massive;Massive Mutation;;;;;;;;;;;;;x
mutation_massive_desc;This character is so mutated [This.GetSheHe] is barely recognizable.;;;;;;;;;;;;;x
# MAGIC TRAITS
magic_power_adept;Adept;;;;;;;;;;;;;x
magic_power_magister;Magister;;;;;;;;;;;;;x
magic_power_lord;Wizard Lord;;;;;;;;;;;;;x
magic_power_archmaster;Arch-wizard;;;;;;;;;;;;;x
lore_fire;Lore of Fire;;;;;;;;;;;;;x
lore_beasts;Lore of Beasts;;;;;;;;;;;;;x
lore_metal;Lore of Metal;;;;;;;;;;;;;x
lore_light;Lore of Light;;;;;;;;;;;;;x
lore_life;Lore of life;;;;;;;;;;;;;x
lore_heavens;Lore of Heavens;;;;;;;;;;;;;x
lore_death;Lore of Death.;;;;;;;;;;;;;x
lore_shadows;Lore of Shadows;;;;;;;;;;;;;x
lore_high_magic;High Magic;;;;;;;;;;;;;x
lore_dark_magic;Dark Magic;;;;;;;;;;;;;x
lore_nurgle;Lore of Nurgle;;;;;;;;;;;;;x
lore_slaanesh;Lore of Slaanesh;;;;;;;;;;;;;x
lore_tzeentch;Lore of Tzeentch;;;;;;;;;;;;;x
lore_ice;Lore of Ice;;;;;;;;;;;;;x
# MAGIC TRAITS Descriptions
magic_power_adept_desc;This character shows an affinity in the use of magic.;;;;;;;;;;;;;x
magic_power_magister_desc;This character is capable in the use of magic.;;;;;;;;;;;;;x
magic_power_lord_desc;This character is extremely skilled in the use of magic.;;;;;;;;;;;;;x
magic_power_archmaster_desc;This character is one of the world's most talented practitioners of magic.;;;;;;;;;;;;;x
lore_fire_desc;This character can manipulate Aqshy the red wind of magic.;;;;;;;;;;;;;x
lore_beasts_desc;This character can manipulate Ghur the brown wind of magic.;;;;;;;;;;;;;x
lore_metal_desc;This character can manipulate Chamon the yellow wind of magic.;;;;;;;;;;;;;x
lore_light_desc;This character can manipulate Hysh the white wind of magic.;;;;;;;;;;;;;x
lore_life_desc;This character can manipulate Ghyran the green wind of magic.;;;;;;;;;;;;;x
lore_heavens_desc;This character can manipulate Azyr the blue wind of magic.;;;;;;;;;;;;;x
lore_death_desc;This character can manipulate Shyish the purple wind of magic.;;;;;;;;;;;;;x
lore_shadows_desc;This character can manipulate Ulgu the gray wind of magic.;;;;;;;;;;;;;x
lore_high_magic_desc;This character can use Qhaysh and manipulate the entire spectrum of magic at once.;;;;;;;;;;;;;x
lore_dark_magic_desc;This character can use Dhar and uses all winds in their most raw form.;;;;;;;;;;;;;x
lore_nurgle_desc;This character can use spells specially crafted by Nurgle.;;;;;;;;;;;;;x
lore_slaanesh_desc;This character can use spells specially crafted by Slaanesh.;;;;;;;;;;;;;x
lore_tzeenth_desc;This character can use spells specially crafted by Tzeenth.;;;;;;;;;;;;;x
lore_ice_desc;This character can use magic of Ice;;;;;;;;;;;;;x

